Type,Date,Case,Latitude,Longtitude,Year,n_gov,s_gov
피습 사건,1945-09-05,"조선정판사, 위조지폐 사건",,,1945,임시정부,임시정부
피습 사건,1946-01-18,학병동맹사건,,,1946,임시정부,임시정부
피습 사건,1946-01-29,정계요인 암살 및 경찰서 방화기도 사건,,,1946,임시정부,임시정부
피습 사건,1946-05-08,연백평야 통구(通水)단절 사건,,,1946,임시정부,임시정부
피습 사건,1946-07-12,국대안 반대 사건,,,1946,임시정부,임시정부
피습 사건,1946-08-15,보성 적색테러 사건,34.7702173291455,127.079038466874,1946,임시정부,임시정부
피습 사건,1946-09-12,이승만 박사 저격 사건,,,1946,임시정부,임시정부
피습 사건,1946-09-23,9월 총파업 사건,35.17992598569,129.07509523457,1946,임시정부,임시정부
피습 사건,1946-09-23,9월 총파업 사건,35.8715665189534,128.601258980014,1946,임시정부,임시정부
피습 사건,1946-09-23,9월 총파업 사건,37.525963157053,126.896367130558,1946,임시정부,임시정부
피습 사건,1946-10-01,대구폭동 사건,35.8715665189534,128.601258980014,1946,임시정부,임시정부
피습 사건,1946-10-16,조병옥 경무부장 암살미수 사건,,,1946,임시정부,임시정부
피습 사건,1946-11-13,장택상 경무총감 피격 사건,,,1946,임시정부,임시정부
피습 사건,1946-12-15,대남 송전 중단 사건,,,1946,임시정부,임시정부
피습 사건,1947-02-05,경무부내 남로당 세포 사건,,,1947,임시정부,임시정부
피습 사건,1947-06-14,부산경찰서장 피살 사건,35.17992598569,129.07509523457,1947,임시정부,임시정부
피습 사건,1947-09-20,인민군 남침음모 사건,,,1947,임시정부,임시정부
피습 사건,1947-12-01,포천 소련군 남침 사건,37.8947048945138,127.200331541867,1947,임시정부,임시정부
피습 사건,1947-12-30,인민해방군 사건,35.17992598569,129.07509523457,1947,임시정부,임시정부
피습 사건,1948-02-07,2.7폭동 사건,,,1948,김일성,이승만
피습 사건,1948-03-28,인민민혁군 사건,,,1948,김일성,이승만
피습 사건,1948-04-03,제주도 무장폭동 사건,33.4882207234688,126.497722598412,1948,김일성,이승만
피습 사건,1948-05-06,운수부내 남로당 세포 사건,,,1948,김일성,이승만
피습 사건,1948-05-10,5.10총선거 방해 사건,,,1948,김일성,이승만
피습 사건,1948-09-30,창군 전후 군내부 세포 사건,,,1948,김일성,이승만
피습 사건,1948-10-19,여수·순천 반란 사건,34.7582999491087,127.716470886857,1948,김일성,이승만
피습 사건,1948-10-19,여수·순천 반란 사건,34.9458736815396,127.503076078383,1948,김일성,이승만
피습 사건,1948-11-02,대구 반란 사건,35.8715665189534,128.601258980014,1948,김일성,이승만
피습 사건,1948-11-05,개성경찰서 성호고서 습격,37.58,126.33,1948,김일성,이승만
피습 사건,1949-01-18,거물간첩 이재복 사건,,,1949,김일성,이승만
피습 사건,1949-03-06,서울사대 손진태 학장 피살 사건,37.566370776634,126.977918351844,1949,김일성,이승만
피습 사건,1949-04-18,남로당 국회침투사건,,,1949,김일성,이승만
피습 사건,1949-05-04,곰무원·강태무 월북 사건,,,1949,김일성,이승만
피습 사건,1949-05-06,북괴군의 개성 침공사건,37.58,126.33,1949,김일성,이승만
피습 사건,1949-06-07,보은경찰서 산외지서 습격 사건,36.4822299038541,127.714973297607,1949,김일성,이승만
피습 사건,1949-07-20,경북 7월폭동 사건,35.8565095232093,129.224736500225,1949,김일성,이승만
피습 사건,1949-09-22,중요기관 폭탄사건,,,1949,김일성,이승만
피습 사건,1950-02-06,대남공작대 남파 사건,,,1950,김일성,이승만
피습 사건,1950-02-11,인민공작대 남파 사건,,,1950,김일성,이승만
피습 사건,1950-03-27,거물간첩 김삼룡·이주하 사건,,,1950,김일성,이승만
피습 사건,1950-03-28,부산경남 남침 사건,35.17992599,129.07509523457,1950,김일성,이승만
피습 사건,1950-04-05,여간첩 김수임 사건,,,1950,김일성,이승만
피습 사건,1950-05-06,각지의 공비반항 사건,,,1950,김일성,이승만
피습 사건,1950-05-15,거물간첩 성시백 사건,,,1950,김일성,이승만
피습 사건,1950-06-25,북괴군 전면남침 개시,,,1950,김일성,이승만
피습 사건,1953-08-31,정국준 간첩 사건,,,1953,김일성,이승만
피습 사건,1954-08-24,천안 무장공비 사건,36.8161298541125,127.113046978689,1954,김일성,이승만
피습 사건,1954-10-10,서울 피뢰간첩단 사건,37.566370776634,126.977918351844,1954,김일성,이승만
피습 사건,1955-02-22,여간첩 최옥희 사건,37.566370776634,126.977918351844,1955,김일성,이승만
피습 사건,1955-05-10,어선피격 사건,,,1955,김일성,이승만
피습 사건,1955-09-20,여간첩 조영희 사건,37.8813632235921,127.729858899897,1955,김일성,이승만
피습 사건,1955-09-21,간첩 이상환 사건,,,1955,김일성,이승만
피습 사건,1956-04-12,공산군 월경기습 사건,,,1956,김일성,이승만
피습 사건,1956-11-07,영공돌발 사건,,,1956,김일성,이승만
피습 사건,1957-04-16,어선 납치사건,,,1957,김일성,이승만
피습 사건,1957-07-24,무장간첩선 격침 사건,,,1957,김일성,이승만
피습 사건,1957-08-02,간첩 김정제 사건,,,1957,김일성,이승만
피습 사건,1957-09-04,해군첨부 첩보단 사건,,,1957,김일성,이승만
피습 사건,1957-11-09,동해안 어선납치 사건,,,1957,김일성,이승만
피습 사건,1957-11-25,간첩 황의환 사건,,,1957,김일성,이승만
피습 사건,1958-02-16,KNA 여객기 납북 사건,,,1958,김일성,이승만
피습 사건,1958-04-10,공군수송기 납북기도 사건,,,1958,김일성,이승만
피습 사건,1958-04-29,어선납치 사건,,,1958,김일성,이승만
피습 사건,1958-07-08,국군조소 기술 사건,,,1958,김일성,이승만
피습 사건,1958-09-08,북괴무장선 격파 사건,,,1958,김일성,이승만
피습 사건,1958-10-18,월북간첩선 나포 사건,,,1958,김일성,이승만
피습 사건,1958-11-01,무장간첩선 사건,37.1715951991569,126.625894958744,1958,김일성,이승만
피습 사건,1958-11-25,무장간첩선 나포 사건,,,1958,김일성,이승만
피습 사건,1958-12-06,어선납치 사건,,,1958,김일성,이승만
피습 사건,1959-06-05,휴전선 불법남침 사건,,,1959,김일성,이승만
피습 사건,1959-07-22,팔공산공비 사건,,,1959,김일성,이승만
피습 사건,1959-08-08,어선납치 사건,,,1959,김일성,이승만
피습 사건,1959-10-30,위장자수간첩 사건,,,1959,김일성,이승만
피습 사건,1959-11-13,어선납북 사건,,,1959,김일성,이승만
피습 사건,1959-11-26,침투 무장간첩선 격침 사건,,,1959,김일성,이승만
피습 사건,1960-01-09,군기밀탐지 간첩 사건,,,1960,김일성,윤보선
피습 사건,1960-03-09,군인 3명 피살 사건,,,1960,김일성,윤보선
피습 사건,1960-05-08,대규모 간첩단 검거 사건,,,1960,김일성,윤보선
피습 사건,1960-07-21,북괴간첩선 나포 사건,,,1960,김일성,윤보선
피습 사건,1960-07-30,북괴어뢰정 격침 사건,,,1960,김일성,윤보선
피습 사건,1960-08-03,어선납북 사건,,,1960,김일성,윤보선
피습 사건,1960-10-14,휴전선 무장간첩 사건,,,1960,김일성,윤보선
피습 사건,1960-12-10,미.유류보급선 피격 사건,37.96034201,124.674942791936,1960,김일성,윤보선
피습 사건,1960-12-15,경주호 남북기도 사건,34.296612781598,126.047449629782,1960,김일성,윤보선
피습 사건,1961-01-18,"반잠복, 박미공작 간첩 사건",35.9561957006752,128.491009746064,1961,김일성,윤보선
피습 사건,1961-03-14,해군함정 피격 사건,37.96034201,124.674942791936,1961,김일성,윤보선
피습 사건,1961-04-07,어선납북 사건,38.4943416559629,128.427309190762,1961,김일성,윤보선
피습 사건,1961-04-12,춘천 무장간첩 사건,128.590427875294,127.729858899897,1961,김일성,윤보선
피습 사건,1961-05-14,성진호 납북 사건,35.5969097445313,126.283174098912,1961,김일성,윤보선
피습 사건,1961-05-24,강릉 무장간첩 사건,37.7532226734235,128.875443586651,1961,김일성,윤보선
피습 사건,1961-06-14,명주 무장간첩 사건,35.1123079894405,128.55614488555,1961,김일성,윤보선
피습 사건,1961-07-05,학원침투간첩 사건,37.566370776634,126.977918351844,1961,김일성,윤보선
피습 사건,1961-08-22,농림지하당 조직 간첩 사건,,,1961,김일성,윤보선
피습 사건,1961-09-16,북괴간첩선 격침 사건,37.6651915483657,125.702047674071,1961,김일성,윤보선
피습 사건,1961-10-20,거물간첩 황태성 사건,,,1961,김일성,윤보선
피습 사건,1961-11-03,살인강도간첩 사건,34.8510437105885,128.590427875294,1961,김일성,윤보선
피습 사건,1962-01-10,거물간첩 위청룡 사건,,,1962,김일성,박정희
피습 사건,1962-07-07,무장간첩선 격침 사건,,,1962,김일성,박정희
피습 사건,1962-07-14,국군장병 납치 사건,38.2661937661707,127.09632923635,1962,김일성,박정희
피습 사건,1962-09-06,비무장지대 발표 사건,37.9556099992588,126.676601006326,1962,김일성,박정희
피습 사건,1962-11-20,비무장지대 미군피살 사건,37.9556099992588,126.676601006326,1962,김일성,박정희
피습 사건,1962-12-23,북괴함정 침범 사건,37.6651915483657,125.702047674071,1962,김일성,박정희
피습 사건,1963-03-13,북괴의 풍선폭발물 사건,36.9922987648024,127.112525334603,1963,김일성,박정희
피습 사건,1963-03-19,북괴군 월경 사건,37.9691945981238,126.779573951463,1963,김일성,박정희
피습 사건,1963-05-17,미군 헬리곱터 강제불시착 사건,38.2661937661707,127.09632923635,1963,김일성,박정희
피습 사건,1963-07-29,휴전선 남방 기습 사건,38.2661937661707,127.09632923635,1963,김일성,박정희
피습 사건,1963-07-30,파주 무장간첩 사건,37.7600286711113,126.779919878758,1963,김일성,박정희
피습 사건,1963-08-03,"북괴군, 미군과 충격전",37.9691945981238,126.779573951463,1963,김일성,박정희
피습 사건,1963-08-05,북괴의 수류탄공격 사건,37.9556099992588,126.676601006326,1963,김일성,박정희
피습 사건,1964-01-14,F-86 D 전투기 피격 사건,37.9556099992588,126.676601006326,1964,김일성,박정희
피습 사건,1964-03-20,어선납북 사건,37.9603420103034,124.674942791936,1964,김일성,박정희
피습 사건,1964-08-10,무장간첩선 침투 사건,34.7937750577663,128.382057683559,1964,김일성,박정희
피습 사건,1964-09-19,무장간첩 침투 사건,38.109986189064,127.989945522474,1964,김일성,박정희
피습 사건,1964-11-14,휴전선남방 무장간첩 침투 사건,,,1964,김일성,박정희
피습 사건,1965-03-05,무장간첩선 침투 사건,37.4498744683541,129.165621734832,1965,김일성,박정희
피습 사건,1965-04-26,어선납북 사건,37.6651915483657,125.702047674071,1965,김일성,박정희
피습 사건,1965-05-18,미 L-19 정찰기 피격 사건,37.9556099992588,,1965,김일성,박정희
피습 사건,1965-07-18,무장간첩 침투 사건,37.734997519415,126.980031330233,1965,김일성,박정희
피습 사건,1965-08-22,무장공비 사건,38.1287722459322,128.325543985461,1965,김일성,박정희
피습 사건,1965-09-27,무장간첩 사건,36.5681878023317,128.730260547553,1965,김일성,박정희
피습 사건,1965-10-24,김두표중령 일가 피살 사건,38.109986189064,127.989945522474,1965,김일성,박정희
피습 사건,1965-10-29,어선납북 사건,37.6989887300572,126.447154040669,1965,김일성,박정희
피습 사건,1966-05-17,무장간첩 침투 사건,35.1802432613252,128.108822830868,1966,김일성,박정희
피습 사건,1966-07-29,어선단 포격 사건,37.5261722483585,129.122350295165,1966,김일성,박정희
피습 사건,1966-09-01,무장간첩 침투 사건,37.5324416397205,126.868422907741,1966,김일성,박정희
피습 사건,1966-09-07,고정간첩단 사건,,,1966,김일성,박정희
피습 사건,1966-10-10,간첩선 침투 사건,37.4677147637857,130.838096350954,1966,김일성,박정희
피습 사건,1966-10-21,식사운반트럭 피습 사건,37.9691945981238,126.779573951463,1966,김일성,박정희
피습 사건,1966-11-02,비무장지대 기습도발 사건,,,1966,김일성,박정희
피습 사건,1967-01-19,해군 56함 피격 사건,37.5261722483585,129.122350295165,1967,김일성,박정희
피습 사건,1967-04-05,관문각 침범 사건,37.5816745310255,126.978889955558,1967,김일성,박정희
피습 사건,1967-04-11,무장간첩 침투 사건,37.9691945981238,126.779573951463,1967,김일성,박정희
피습 사건,1967-04-12,비무장지대 북괴군 침입 사건,38.2069908081134,127.662292934064,1967,김일성,박정희
피습 사건,1967-04-17,해안간첩 사건,35.7984643835416,129.23851483698,1967,김일성,박정희
피습 사건,1967-05-17,무진간첩단 사건,,,1967,김일성,박정희
피습 사건,1967-05-22,미군 폭사 사건,37.9691945981238,126.779573951463,1967,김일성,박정희
피습 사건,1967-05-27,어선 총격 사건,37.6651915483657,125.702047674071,1967,김일성,박정희
피습 사건,1967-06-03,무장간첩 침투 사건,37.7936792652911,126.685999276181,1967,김일성,박정희
피습 사건,1967-06-29,무장간첩단 출몰 사건,37.1836862393249,128.483006712595,1967,김일성,박정희
피습 사건,1967-06-29,무장간첩단 출몰 사건,37.4304059167061,129.177410455788,1967,김일성,박정희
피습 사건,1967-06-29,무장간첩단 출몰 사건,37.7532226734235,128.875443586651,1967,김일성,박정희
피습 사건,1967-07-05,북괴군 기습 사건,38.4518638093902,128.297646756537,1967,김일성,박정희
피습 사건,1967-07-08,동백림 적화공작단 사건,,,1967,김일성,박정희
피습 사건,1967-07-16,북괴군 기습 사건,37.7936792652911,126.685999276181,1967,김일성,박정희
피습 사건,1967-07-19,무장간첩단 사건,35.5693302922261,126.856294984676,1967,김일성,박정희
피습 사건,1967-08-10,미군트럭 기습공격 사건,37.9556099992588,126.676601006326,1967,김일성,박정희
피습 사건,1967-08-28,미 공병대 피습 사건,37.9691945981238,126.779573951463,1967,김일성,박정희
피습 사건,1967-11-03,어선납북 사건,37.5261722483585,129.122350295165,1967,김일성,박정희
피습 사건,1967-11-10,북괴군 2개 분대 남침 사건,,,1967,김일성,박정희
피습 사건,1967-11-11,어선납북 사건,37.5261722483585,129.122350295165,1967,김일성,박정희
피습 사건,1968-01-21,청와대 기습 미수 사건,37.566370776634,126.977918351844,1968,김일성,박정희
피습 사건,1968-01-23,미 정찰수집함 푸에블로호 납사 사건,,,1968,김일성,박정희
피습 사건,1968-01-25,북괴군 남침 사건,37.9691945981238,126.779573951463,1968,김일성,박정희
피습 사건,1968-02-04,북괴군 남침 사건,,,1968,김일성,박정희
피습 사건,1968-04-04,무장공비 침투 사건,37.6698705314752,125.692128088145,1968,김일성,박정희
피습 사건,1968-04-14,북괴군 기습총격 사건,37.9556099992588,126.676601006326,1968,김일성,박정희
피습 사건,1968-04-17,북괴군 매복 기습 사건,,,1968,김일성,박정희
피습 사건,1968-06-17,어선납북 사건,37.66519155,125.7020477,1968,김일성,박정희
피습 사건,1968-07-20,지하간첩단 사건,35.0841790513102,126.111187461859,1968,김일성,박정희
피습 사건,1968-07-29,무장간첩 사건,34.7718846174709,126.312902273487,1968,김일성,박정희
피습 사건,1968-08-04,무장공비 침투 사건,37.9691945981238,126.779573951463,1968,김일성,박정희
피습 사건,1968-08-05,미군순찰대 피습 사건,37.9556099992588,126.676601006326,1968,김일성,박정희
피습 사건,1968-08-08,무장공비 침투 사건,37.9691945981238,126.779573951463,1968,김일성,박정희
피습 사건,1968-08-20,무장간첩 침투 사건,35.8154621949065,126.473435206492,1968,김일성,박정희
피습 사건,1968-08-24,통일혁명당 간첩 사건,35.17992599,129.07509523457,1968,김일성,박정희
피습 사건,1968-08-24,통일혁명당 간첩 사건,37.566370776634,126.977918351844,1968,김일성,박정희
피습 사건,1968-10-17,무장공비 침투 사건,,,1968,김일성,박정희
피습 사건,1968-11-03,울진·삼척지구 무장공비 사건,36.9930706136202,129.400679433761,1968,김일성,박정희
피습 사건,1968-11-07,어선납북 사건,37.5261722483585,129.122350295165,1968,김일성,박정희
피습 사건,1968-12-09,양민 일가족참살 사건,36.9930706136202,129.400679433761,1968,김일성,박정희
피습 사건,1969-01-28,위장귀순 간첩 이수근 사건,37.4476109663729,126.452346738588,1969,김일성,박정희
피습 사건,1969-03-16,무장공비 침투 사건,37.8976586491148,128.816839111313,1969,김일성,박정희
피습 사건,1969-04-15,EC-121기 격추 사건,37.5261722483585,129.122350295165,1969,김일성,박정희
피습 사건,1969-06-13,무장간첩선 나포 사건,34.6830172147542,125.427369709808,1969,김일성,박정희
피습 사건,1969-06-17,무장공비 침투 사건,34.6830172147542,125.427369709808,1969,김일성,박정희
피습 사건,1969-09-20,무장간첩선 사건,35.9676029784227,126.736867639844,1969,김일성,박정희
피습 사건,1969-09-24,무장간첩선 사건,34.6830172147542,125.427369709808,1969,김일성,박정희
피습 사건,1969-10-14,무장간첩선 침투 사건,,,1969,김일성,박정희
피습 사건,1969-10-18,미군병사 피살 사건,37.9556099992588,126.676601006326,1969,김일성,박정희
피습 사건,1969-12-11,KAL기 납북 사건,37.7645195812136,128.899617238918,1969,김일성,박정희
피습 사건,1970-03-13,무장공비 침투 사건,38.0965132153527,127.075258645133,1970,김일성,박정희
피습 사건,1970-04-03,무장간첩선 침투 사건,36.677317629205,126.075562194791,1970,김일성,박정희
피습 사건,1970-04-08,무장공비 침투 사건,37.7600286711113,126.779919878758,1970,김일성,박정희
피습 사건,1970-04-29,무장공비 침투 사건,38.0965132153527,127.075258645133,1970,김일성,박정희
피습 사건,1970-06-05,해군방송선 납북 사건,37.6651915483657,125.702047674071,1970,김일성,박정희
피습 사건,1970-06-22,국립묘지 현충문 폭파 사건,37.566370776634,126.977918351844,1970,김일성,박정희
피습 사건,1970-06-29,무장간첩선 침투 사건,35.8154621949065,126.473435206492,1970,김일성,박정희
피습 사건,1970-07-09,어선납북 사건,37.96034201,124.6749428,1970,김일성,박정희
피습 사건,1970-10-10,무장간첩선 침투 사건,37.5261722483585,129.122350295165,1970,김일성,박정희
피습 사건,1970-11-01,군내부 진도 사건,,,1970,김일성,박정희
피습 사건,1971-01-23,KAL기 납북미수 사건,38.2076459987597,128.591956790966,1971,김일성,박정희
피습 사건,1971-05-14,무장간첩선 침투 사건,34.8115348469607,126.391282540059,1971,김일성,박정희
피습 사건,1971-06-01,무장간첩선 격파 사건,33.9637161687124,126.296120635115,1971,김일성,박정희
피습 사건,1971-07-01,무장공비 침투 사건,38.2160427077415,127.214234759284,1971,김일성,박정희
피습 사건,1971-07-29,무장공비 침투 사건,37.854588695275,126.787595361922,1971,김일성,박정희
피습 사건,1971-08-17,무장공비 침투 사건,38.0696897671828,128.170349022337,1971,김일성,박정희
피습 사건,1971-08-18,무장공비 침투 사건,37.6989887300572,126.447154040669,1971,김일성,박정희
피습 사건,1971-08-27,무장공비 침투 사건,37.8159864027581,126.688308399357,1971,김일성,박정희
피습 사건,1971-09-17,무장공비 침투 사건,,,1971,김일성,박정희
피습 사건,1971-10-30,무장간첩선 침투 사건,34.8336021815033,126.351425287896,1971,김일성,박정희
피습 사건,1972-02-04,어선납북 사건,37.8248965826314,124.698247391309,1972,김일성,박정희
피습 사건,1973-03-12,불법총격 사건,38.1467630109648,127.313401631163,1973,김일성,박정희
피습 사건,1973-04-17,무장공비 침투 사건,38.0965132153527,127.075258645133,1973,김일성,박정희
피습 사건,1973-05-17,무장간첩 침투 사건,34.3167363256874,126.745538365407,1973,김일성,박정희
피습 사건,1973-06-05,기초산업침투 간첩단 사건,,,1973,김일성,박정희
피습 사건,1973-06-11,대남 비방방송 재개,,,1973,김일성,박정희
피습 사건,1974-02-15,어선격침 및 납북 사건,37.96034201,124.6749428,1974,김일성,박정희
피습 사건,1974-05-20,무장간첩 침투 사건,33.9637161687124,126.296120635115,1974,김일성,박정희
피습 사건,1974-06-28,해경초계정 피격 사건,,,1974,김일성,박정희
피습 사건,1974-08-15,박대통령 저격미수 사건,37.566370776634,126.977918351844,1974,김일성,박정희
피습 사건,1974-11-11,남침굴 발견 사건,37.9691945981238,126.779573951463,1974,김일성,박정희
피습 사건,1975-03-19,남침굴 2호 발견 사건,38.2160427077415,127.214234759284,1975,김일성,박정희
피습 사건,1975-03-24,북괴기 영공침투 사건,37.96034201,124.6749428,1975,김일성,박정희
피습 사건,1975-06-28,무장간첩 침투 사건,35.1600994105234,126.851461925213,1975,김일성,박정희
피습 사건,1975-06-30,북괴군 검단동침입 사건,37.6035808002834,126.657747518509,1975,김일성,박정희
피습 사건,1975-10-06,무장간첩선 침투 사건,34.6830172147542,125.427369709808,1975,김일성,박정희
피습 사건,1976-04-07,북괴전차 DMZ 출현 사건,38.4518638093902,128.297646756537,1976,김일성,박정희
피습 사건,1976-06-19,무장공비 침투 사건,38.4518638093902,128.297646756537,1976,김일성,박정희
피습 사건,1976-08-18,도끼살인만행 사건,37.9556099992588,126.676601006326,1976,김일성,박정희
피습 사건,1977-07-14,미군헬리콥터 피격 사건,,,1977,김일성,박정희
피습 사건,1978-04-28,무장간첩선 침투 사건,35.8154621949065,126.473435206492,1978,김일성,박정희
피습 사건,1978-05-19,북괴무장선 격침 사건,37.5261722483585,129.122350295165,1978,김일성,박정희
피습 사건,1978-10-16,제3땅굴 구축 확인,37.9556099992588,126.676601006326,1978,김일성,박정희
피습 사건,1978-11-07,무장간첩 사건,36.6010389971776,126.67631788575,1978,김일성,박정희
피습 사건,1979-07-21,무장간첩선 침투 사건,,,1979,김일성,최규하
피습 사건,1979-09-01,무장간첩 사건,,,1979,김일성,최규하
피습 사건,1979-10-09,대규모 간첩단 사건,,,1979,김일성,최규하
피습 사건,1980-03-23,수중침투 침투 사건,37.566370776634,126.977918351844,1980,김일성,전두환
피습 사건,1980-03-27,무장간첩선 사건,35.985186477458,129.546087974399,1980,김일성,전두환
피습 사건,1983-10-09,미얀마 아웅산묘소 폭탄테러,21.71,95.97,1983,김일성,전두환
피습 사건,1983-12-03,부산 다대표 무장간첩 침투,35.17992598569,129.07509523457,1983,김일성,전두환
피습 사건,1984-09-24,북한 무장간첩 민간인 무차별 살상,35.8715665189534,128.601258980014,1984,김일성,전두환
피습 사건,1986-09-14,김포공항 청사 폭탄테러,37.5713695798026,126.802960133589,1986,김일성,전두환
피습 사건,1987-01-15,제27 동진호 조업 중 납북,37.96034201,124.674942791936,1987,김일성,전두환
피습 사건,1987-11-29,KAL 858기 폭파 테러,21.71,95.97,1987,김일성,전두환
피습 사건,1995-05-30,86 우성호 납북,35.8154621949065,126.473435206492,1995,김정일,김영삼
피습 사건,1995-07-09,안승운 목사 납북,42.891255,129.508946,1995,김정일,김영삼
피습 사건,1995-10-24,충남 부여 무장간첩 침투,36.2757349683971,126.909772511932,1995,김정일,김영삼
피습 사건,1996-09-18,잠수함 이용 무장공비 침투,37.7645195812136,128.899617238918,1996,김정일,김영삼
피습 사건,1997-02-15,귀순자 이한영 피살,37.4200218720325,127.126586301128,1997,김정일,김영삼
피습 사건,1998-06-22,북한 잠수정 속초해안 침투,38.2076459987597,128.591956790966,1998,김정일,김대중
피습 사건,1998-12-17,전남 여수 해안 반잠수정 침투,34.7582999491087,127.716470886857,1998,김정일,김대중
피습 사건,1999-06-15,제1연평해전,35.8154621949065,126.473435206492,1999,김정일,김대중
피습 사건,2000-01-01,김동식 목사 납북,42.891255,129.508946,2000,김정일,김대중
피습 사건,2002-06-29,제2연평해전,35.8154621949065,126.473435206492,2002,김정일,김대중
피습 사건,2008-07-11,금강산 관광객 피격,34.5864130620369,126.586983101315,2008,김정일,이명박
피습 사건,2009-11-10,대청해전,35.8154621949065,126.473435206492,2009,김정일,이명박
피습 사건,2010-03-26,천안함 피격 사건,37.96034201,124.674942791936,2010,김정일,이명박
피습 사건,2010-04-20,황장엽 암살 미수 1,37.566370776634,126.977918351844,2010,김정일,이명박
피습 사건,2010-10-19,황장엽 암살 미수 2,37.566370776634,126.977918351844,2010,김정일,이명박
피습 사건,2010-11-23,연평도 무력공격,37.6651915483657,125.702047674071,2010,김정일,이명박
피습 사건,2015-08-04,DMZ 목함지뢰 도발,37.7600286711113,126.779919878758,2015,김정은,박근혜
오물풍선,2024-05-29,First Wave,36.2542683,127.2608089,2024,김정은,윤석열
오물풍선,2024-05-29,First Wave,37.80919,126.71015,2024,김정은,윤석열
오물풍선,2024-05-29,First Wave,35.75086,127.83267,2024,김정은,윤석열
오물풍선,2024-05-29,First Wave,35.93172,127.71118,2024,김정은,윤석열
오물풍선,2024-05-29,First Wave,37.4503386,127.1462933,2024,김정은,윤석열
오물풍선,2024-05-29,First Wave,37.10531,127.08763,2024,김정은,윤석열
오물풍선,2024-05-29,First Wave,36.4485683,128.3559773,2024,김정은,윤석열
오물풍선,2024-05-29,First Wave,35.98682777,128.9147287,2024,김정은,윤석열
오물풍선,2024-05-29,First Wave,35.63184,127.51603,2024,김정은,윤석열
오물풍선,2024-05-29,First Wave,37.4503386,127.1462933,2024,김정은,윤석열
오물풍선,2024-05-29,First Wave,37.6768806,127.0854209,2024,김정은,윤석열
오물풍선,2024-05-29,First Wave,37.78603,126.26117,2024,김정은,윤석열
오물풍선,2024-05-29,First Wave,37.4290844,127.255189,2024,김정은,윤석열
오물풍선,2024-05-29,First Wave,38.013769,127.238747,2024,김정은,윤석열
오물풍선,2024-05-29,First Wave,37.8577547,126.7829539,2024,김정은,윤석열
오물풍선,2024-05-29,First Wave,38.1468023,127.3133,2024,김정은,윤석열
오물풍선,2024-05-29,First Wave,38.0694,128.1706,2024,김정은,윤석열
오물풍선,2024-05-29,First Wave,38.1063,127.708,2024,김정은,윤석열
오물풍선,2024-05-29,First Wave,37.7687254,128.8711752,2024,김정은,윤석열
오물풍선,2024-05-29,First Wave,37.78603,126.26117,2024,김정은,윤석열
오물풍선,2024-05-29,First Wave,37.566,126.9784,2024,김정은,윤석열
오물풍선,2024-05-29,First Wave,37.5797185,126.9856138,2024,김정은,윤석열
오물풍선,2024-05-29,First Wave,37.566571,126.9015317,2024,김정은,윤석열
오물풍선,2024-05-29,First Wave,37.5262,126.8959,2024,김정은,윤석열
오물풍선,2024-05-29,First Wave,37.5748508,126.9760746,2024,김정은,윤석열
오물풍선,2024-05-29,First Wave,36.9115864,127.9931536,2024,김정은,윤석열
오물풍선,2024-05-29,First Wave,36.6104608,127.3638544,2024,김정은,윤석열
오물풍선,2024-05-29,First Wave,37.1326042,128.1913508,2024,김정은,윤석열
오물풍선,2024-05-29,First Wave,37.5729,126.97928,2024,김정은,윤석열
오물풍선,2024-05-29,First Wave,37.566,126.9784,2024,김정은,윤석열
오물풍선,2024-05-29,First Wave,36.29037,127.22768,2024,김정은,윤석열
오물풍선,2024-05-29,First Wave,37.566,126.9784,2024,김정은,윤석열
오물풍선,2024-06-01,Second Wave,37.5171,126.8663,2024,김정은,윤석열
오물풍선,2024-06-01,Second Wave,37.5262,126.8959,2024,김정은,윤석열
오물풍선,2024-06-01,Second Wave,38.0028804,127.0016095,2024,김정은,윤석열
오물풍선,2024-06-02,Second Wave,37.70697307,126.8484995,2024,김정은,윤석열
오물풍선,2024-06-02,Second Wave,37.7598955,126.7801502,2024,김정은,윤석열
오물풍선,2024-06-02,Second Wave,37.7849312,127.0457771,2024,김정은,윤석열
오물풍선,2024-06-02,Second Wave,36.17341,126.88718,2024,김정은,윤석열
오물풍선,2024-06-02,Second Wave,36.80488,127.19431,2024,김정은,윤석열
오물풍선,2024-06-02,Second Wave,37.38445597,128.0146215,2024,김정은,윤석열
오물풍선,2024-06-02,Second Wave,38.1096812,127.9900596,2024,김정은,윤석열
오물풍선,2024-06-02,Second Wave,37.7668069,128.1937951,2024,김정은,윤석열
오물풍선,2024-06-02,Second Wave,36.67437,128.55151,2024,김정은,윤석열
오물풍선,2024-06-02,Second Wave,36.68187,128.9128,2024,김정은,윤석열
오물풍선,2024-06-02,Second Wave,36.59338,129.08923,2024,김정은,윤석열
오물풍선,2024-06-02,Second Wave,36.2437,129.36813,2024,김정은,윤석열
오물풍선,2024-06-02,Second Wave,36.58755,128.18624,2024,김정은,윤석열
오물풍선,2024-06-02,Second Wave,36.2497795,129.3753366,2024,김정은,윤석열
오물풍선,2024-06-02,Second Wave,37.3798891,126.8032255,2024,김정은,윤석열
오물풍선,2024-06-02,Second Wave,37.49889,126.78306,2024,김정은,윤석열
오물풍선,2024-06-02,Second Wave,36.6123808,127.5058417,2024,김정은,윤석열
오물풍선,2024-06-02,Second Wave,36.9907334,127.9259891,2024,김정은,윤석열
오물풍선,2024-06-02,Second Wave,37.1270743,128.2059637,2024,김정은,윤석열
오물풍선,2024-06-02,Second Wave,36.63722,127.48972,2024,김정은,윤석열
오물풍선,2024-06-08,Third Wave,37.65639,126.835,2024,김정은,윤석열
오물풍선,2024-06-09,Third Wave,37.47353,126.62151,2024,김정은,윤석열
오물풍선,2024-06-09,Third Wave,36.236126,127.897015,2024,김정은,윤석열
오물풍선,2024-06-09,Third Wave,37.545,126.676,2024,김정은,윤석열
오물풍선,2024-06-09,Third Wave,37.746,126.488,2024,김정은,윤석열
오물풍선,2024-06-09,Third Wave,37.5969838,126.6676253,2024,김정은,윤석열
오물풍선,2024-06-09,Third Wave,37.49627,126.5583,2024,김정은,윤석열
오물풍선,2024-06-09,Third Wave,37.3109,127.40975,2024,김정은,윤석열
오물풍선,2024-06-09,Third Wave,37.33315352,126.8393772,2024,김정은,윤석열
오물풍선,2024-06-09,Third Wave,37.3615229,126.9349025,2024,김정은,윤석열
오물풍선,2024-06-09,Third Wave,37.7506136,126.5591697,2024,김정은,윤석열
오물풍선,2024-06-09,Third Wave,37.2804,127.0078,2024,김정은,윤석열
오물풍선,2024-06-09,Third Wave,37.2345,127.2017,2024,김정은,윤석열
오물풍선,2024-06-09,Third Wave,37.3109,127.40975,2024,김정은,윤석열
오물풍선,2024-06-09,Third Wave,37.65639,126.835,2024,김정은,윤석열
오물풍선,2024-06-09,Third Wave,37.7584627,126.7697535,2024,김정은,윤석열
오물풍선,2024-06-09,Third Wave,37.9413242,127.7702114,2024,김정은,윤석열
오물풍선,2024-06-09,Third Wave,37.6894014,127.8843043,2024,김정은,윤석열
오물풍선,2024-06-09,Third Wave,37.7214045,127.7268172,2024,김정은,윤석열
오물풍선,2024-06-09,Third Wave,36.236126,127.897015,2024,김정은,윤석열
오물풍선,2024-06-09,Third Wave,37.5741982,127.0395092,2024,김정은,윤석열
오물풍선,2024-06-09,Third Wave,37.59,127.0165,2024,김정은,윤석열
오물풍선,2024-06-09,Third Wave,37.6768806,127.0854209,2024,김정은,윤석열
오물풍선,2024-06-09,Third Wave,37.6063,127.093,2024,김정은,윤석열
오물풍선,2024-06-09,Third Wave,37.6024,126.9293,2024,김정은,윤석열
오물풍선,2024-06-09,Third Wave,37.5560719,126.9723599,2024,김정은,윤석열
오물풍선,2024-06-09,Third Wave,37.5806949,126.9827989,2024,김정은,윤석열
오물풍선,2024-06-09,Third Wave,37.5790747,126.9367861,2024,김정은,윤석열
오물풍선,2024-06-09,Third Wave,37.5177,127.0473,2024,김정은,윤석열
오물풍선,2024-06-09,Third Wave,37.5262,126.8959,2024,김정은,윤석열
오물풍선,2024-06-09,Third Wave,37.5534363,126.9697994,2024,김정은,윤석열
오물풍선,2024-06-10,Fourth Wave,37.53895,127.2125,2024,김정은,윤석열
오물풍선,2024-06-10,Fourth Wave,37.50389694,128.7324084,2024,김정은,윤석열
오물풍선,2024-06-10,Fourth Wave,37.768405,126.4048539,2024,김정은,윤석열
오물풍선,2024-06-10,Fourth Wave,37.53762636,126.9786846,2024,김정은,윤석열
오물풍선,2024-06-10,Fourth Wave,37.56736703,126.9794054,2024,김정은,윤석열
오물풍선,2024-06-10,Fourth Wave,37.58209476,127.0491296,2024,김정은,윤석열
오물풍선,2024-06-10,Fourth Wave,37.56389583,126.9546449,2024,김정은,윤석열
오물풍선,2024-06-18,Fifth Wave,37.60009681,126.7090658,2024,김정은,윤석열
오물풍선,2024-06-19,Fifth Wave,37.56909059,127.1985871,2024,김정은,윤석열
오물풍선,2024-06-20,Fifth Wave,37.48038232,127.1671664,2024,김정은,윤석열
오물풍선,2024-06-21,Fifth Wave,37.66937988,127.2735398,2024,김정은,윤석열
오물풍선,2024-06-22,Fifth Wave,37.73213969,127.0831184,2024,김정은,윤석열
오물풍선,2024-06-23,Fifth Wave,37.74251866,127.0982486,2024,김정은,윤석열
오물풍선,2024-06-24,Fifth Wave,37.75471693,126.8348595,2024,김정은,윤석열
오물풍선,2024-06-25,Sixth Wave,37.60881004,127.0188842,2024,김정은,윤석열
오물풍선,2024-06-26,Sixth Wave,37.45894701,126.4419572,2024,김정은,윤석열
오물풍선,2024-06-26,Sixth Wave,37.81131856,128.0712957,2024,김정은,윤석열
오물풍선,2024-06-27,Seventh Wave,37.52706617,127.0915959,2024,김정은,윤석열
오물풍선,2024-07-19,Eighth Wave,37.84842192,127.578637,2024,김정은,윤석열
오물풍선,2024-07-19,Eighth Wave,38.00083592,127.3447025,2024,김정은,윤석열
오물풍선,2024-07-18,Eighth Wave,38.13149673,127.1947871,2024,김정은,윤석열
오물풍선,2024-07-18,Eighth Wave,37.7197323,126.9423338,2024,김정은,윤석열
오물풍선,2024-07-18,Eighth Wave,37.81704644,127.0433082,2024,김정은,윤석열
오물풍선,2024-07-18,Eighth Wave,37.89732366,126.831396,2024,김정은,윤석열
오물풍선,2024-07-18,Eighth Wave,37.74310391,127.0812471,2024,김정은,윤석열
오물풍선,2024-07-18,Eighth Wave,37.47708349,126.7974016,2024,김정은,윤석열
오물풍선,2024-07-21,Ninth Wave,37.57258455,127.0705652,2024,김정은,윤석열
오물풍선,2024-07-21,Ninth Wave,38.04166814,126.9768902,2024,김정은,윤석열
오물풍선,2024-07-21,Ninth Wave,37.92600776,127.1126557,2024,김정은,윤석열
오물풍선,2024-07-21,Ninth Wave,37.6050853,127.1969754,2024,김정은,윤석열
오물풍선,2024-07-21,Ninth Wave,37.913542,127.1381033,2024,김정은,윤석열
오물풍선,2024-07-21,Ninth Wave,37.7933321,127.0752929,2024,김정은,윤석열
오물풍선,2024-07-21,Ninth Wave,37.87810132,127.0738515,2024,김정은,윤석열
오물풍선,2024-07-21,Ninth Wave,37.68386669,126.8192169,2024,김정은,윤석열
오물풍선,2024-07-21,Ninth Wave,37.68593719,127.2882531,2024,김정은,윤석열
오물풍선,2024-07-21,Ninth Wave,37.89322974,126.9324178,2024,김정은,윤석열
오물풍선,2024-07-21,Ninth Wave,37.7571009,127.0592475,2024,김정은,윤석열
오물풍선,2024-07-24,Tenth Wave,37.70896836,127.0688661,2024,김정은,윤석열
오물풍선,2024-07-24,Tenth Wave,37.53195349,126.9148413,2024,김정은,윤석열
오물풍선,2024-07-24,Tenth Wave,37.56680601,126.9396595,2024,김정은,윤석열
오물풍선,2024-07-24,Tenth Wave,37.53057022,126.9841318,2024,김정은,윤석열
오물풍선,2024-07-24,Tenth Wave,37.56073929,126.8025631,2024,김정은,윤석열
오물풍선,2024-07-24,Tenth Wave,37.53132701,126.9763123,2024,김정은,윤석열
오물풍선,2024-07-24,Tenth Wave,37.72514613,126.8595748,2024,김정은,윤석열
오물풍선,2024-08-12,Eleventh Wave,37.80529988,126.7100999,2024,김정은,윤석열
오물풍선,2024-08-10,Eleventh Wave,37.53371629,126.737631,2024,김정은,윤석열
오물풍선,2024-08-10,Eleventh Wave,37.53226025,126.7458785,2024,김정은,윤석열
오물풍선,2024-06-02,Second Wave,37.48617268,127.0947471,2024,김정은,윤석열
오물풍선,2024-07-24,Tenth Wave,37.64530576,127.053329,2024,김정은,윤석열
오물풍선,2024-07-24,Tenth Wave,37.56719992,126.9726261,2024,김정은,윤석열
오물풍선,2024-09-05,Twelfth Wave,37.53295825,126.920829,2024,김정은,윤석열
오물풍선,2024-09-05,Thirteenth Wave,37.56069315,127.2443669,2024,김정은,윤석열
오물풍선,2024-09-05,Twelfth Wave,37.50456089,127.5746568,2024,김정은,윤석열
오물풍선,2024-09-05,Twelfth Wave,37.30377689,127.4948548,2024,김정은,윤석열
오물풍선,2024-09-04,Twelfth Wave,37.7848234,126.7917503,2024,김정은,윤석열
오물풍선,2024-09-04,Twelfth Wave,37.77611321548565,128.9234812343975,2024,김정은,윤석열
오물풍선,2024-09-04,Twelfth Wave,37.76328771,128.2425113,2024,김정은,윤석열
오물풍선,2024-09-04,Twelfth Wave,37.53339036,128.060855,2024,김정은,윤석열
오물풍선,2024-09-04,Twelfth Wave,38.10106011,128.2618422,2024,김정은,윤석열
오물풍선,2024-09-04,Twelfth Wave,38.10106011,128.2618422,2024,김정은,윤석열
오물풍선,2024-09-09,Seventeenth Wave,37.77842402,126.9005473,2024,김정은,윤석열
오물풍선,2024-09-08,Sixteenth Wave,37.50275674,126.7295103,2024,김정은,윤석열
오물풍선,2024-09-07,Fifteenth Wave,37.50262487,126.7373826,2024,김정은,윤석열
오물풍선,2024-09-07,Fifteenth Wave,37.77943968,127.6409752,2024,김정은,윤석열
오물풍선,2024-09-06,Fourteenth Wave,37.75418696,127.1828527,2024,김정은,윤석열
오물풍선,2024-09-06,Fourteenth Wave,37.46963321,126.7164187,2024,김정은,윤석열
오물풍선,2024-09-06,Fourteenth Wave,37.54218308,126.7820175,2024,김정은,윤석열
오물풍선,2024-09-06,Fourteenth Wave,37.50300349,126.9751871,2024,김정은,윤석열
오물풍선,2024-09-05,Thirteenth Wave,37.59863271,126.753557,2024,김정은,윤석열
오물풍선,2024-10-04,Twenty-fourth Wave,37.65487971,127.1475697,2024,김정은,윤석열
오물풍선,2024-09-22,Twenty-second Wave,37.48135602,126.6575126,2024,김정은,윤석열
오물풍선,2024-09-22,Twenty-second Wave,37.50744874,126.7230077,2024,김정은,윤석열
오물풍선,2024-09-22,Twenty-second Wave,37.458726,126.442676,2024,김정은,윤석열
오물풍선,2024-09-22,Twenty-second Wave,37.53457358,126.9773664,2024,김정은,윤석열
오물풍선,2024-10-02,Twenty-third Wave,37.57275792,126.9768125,2024,김정은,윤석열
오물풍선,2024-10-02,Twenty-third Wave,37.50189412,126.7351138,2024,김정은,윤석열
오물풍선,2024-10-04,Twenty-fourth Wave,37.54422725,126.8039427,2024,김정은,윤석열
오물풍선,2024-10-04,Twenty-fourth Wave,37.57544692,126.9801398,2024,김정은,윤석열
오물풍선,2024-10-04,Twenty-fourth Wave,37.53184395,126.9146295,2024,김정은,윤석열
오물풍선,2024-10-24,Thirtieth Wave,37.5332542,126.9861956,2024,김정은,윤석열
오물풍선,2024-11-18,Thirty-first Wave,37.534396,126.977707,2024,김정은,윤석열
오물풍선,2024-11-18,Thirty-first Wave,37.532068,126.914541,2024,김정은,윤석열
미사일,1984-04-09,Scud-B,40.8499966,129.666664,1984,김일성,전두환
미사일,1984-04-09,Scud-B,40.8499966,129.666664,1984,김일성,전두환
미사일,1984-04-09,Scud-B,40.8499966,129.666664,1984,김일성,전두환
미사일,1984-09-01,Scud-B,40.8499966,129.666664,1984,김일성,전두환
미사일,1984-09-01,Scud-B,40.8499966,129.666664,1984,김일성,전두환
미사일,1984-09-01,Scud-B,40.8499966,129.666664,1984,김일성,전두환
미사일,1986-05-01,Unknown,40.8499966,129.666664,1986,김일성,전두환
미사일,1990-05-01,Nodong,40.8499966,129.666664,1990,김일성,노태우
미사일,1990-06-01,Scud-C,40.8499966,129.666664,1990,김일성,노태우
미사일,1991-07-01,Scud-C,38.62333,126.6847,1991,김일성,노태우
미사일,1992-06-01,Nodong,40.8499966,129.666664,1992,김일성,노태우
미사일,1993-05-29,Nodong,40.8499966,129.666664,1993,김일성,김영삼
미사일,1993-05-29,Scud-C,40.8499966,129.666664,1993,김일성,김영삼
미사일,1993-05-29,Scud-C,40.8499966,129.666664,1993,김일성,김영삼
미사일,1993-05-30,Scud-C,40.8499966,129.666664,1993,김일성,김영삼
미사일,1998-08-31,Taepodong-1,40.8499966,129.666664,1998,김정일,김대중
미사일,2006-07-05,Nodong,38.99083,127.6236,2006,김정일,노무현
미사일,2006-07-05,Nodong,38.99083,127.6236,2006,김정일,노무현
미사일,2006-07-05,Nodong,38.99083,127.6236,2006,김정일,노무현
미사일,2006-07-05,Nodong,38.99083,127.6236,2006,김정일,노무현
미사일,2006-07-05,Scud-C,38.99083,127.6236,2006,김정일,노무현
미사일,2006-07-05,Scud-C,38.99083,127.6236,2006,김정일,노무현
미사일,2006-07-05,Unha,40.8499966,129.666664,2006,김정일,노무현
미사일,2009-04-05,Unha,40.8499966,129.666664,2009,김정일,이명박
미사일,2009-07-05,Nodong,38.99083,127.6236,2009,김정일,이명박
미사일,2009-07-05,Nodong,38.99083,127.6236,2009,김정일,이명박
미사일,2009-07-05,Scud-C,38.99083,127.6236,2009,김정일,이명박
미사일,2009-07-05,Scud-C,38.99083,127.6236,2009,김정일,이명박
미사일,2009-07-05,Scud-C,38.99083,127.6236,2009,김정일,이명박
미사일,2009-07-05,Scud-C,38.99083,127.6236,2009,김정일,이명박
미사일,2009-07-05,Scud-C,38.99083,127.6236,2009,김정일,이명박
미사일,2012-04-13,Unha-3,39.6596,124.7057,2012,김정은,이명박
미사일,2012-12-12,Unha-3,39.6596,124.7057,2012,김정은,이명박
미사일,2013-05-18,KN-02,39.40167,127.5369,2013,김정은,박근혜
미사일,2013-05-18,KN-02,39.40167,127.5369,2013,김정은,박근혜
미사일,2013-05-18,KN-02,39.40167,127.5369,2013,김정은,박근혜
미사일,2013-05-19,KN-02,39.40167,127.5369,2013,김정은,박근혜
미사일,2013-05-20,KN-02,39.40167,127.5369,2013,김정은,박근혜
미사일,2013-05-20,KN-02,39.40167,127.5369,2013,김정은,박근혜
미사일,2014-02-27,Scud-B,38.99083,127.6236,2014,김정은,박근혜
미사일,2014-02-27,Scud-B,38.99083,127.6236,2014,김정은,박근혜
미사일,2014-02-27,Scud-B,38.99083,127.6236,2014,김정은,박근혜
미사일,2014-02-27,Scud-B,38.99083,127.6236,2014,김정은,박근혜
미사일,2014-03-03,Scud-C,39.1677,127.4817,2014,김정은,박근혜
미사일,2014-03-03,Scud-C,39.1677,127.4817,2014,김정은,박근혜
미사일,2014-03-26,Nodong,39.412594,125.89031,2014,김정은,박근혜
미사일,2014-03-26,Nodong,39.412594,125.89031,2014,김정은,박근혜
미사일,2014-06-26,KN-02,39.40167,127.5369,2014,김정은,박근혜
미사일,2014-06-29,Scud-C,39.065962,127.250257,2014,김정은,박근혜
미사일,2014-06-29,Scud-C,39.065962,127.250257,2014,김정은,박근혜
미사일,2014-07-09,Scud-C,38.686834,125.702005,2014,김정은,박근혜
미사일,2014-07-09,Scud-C,38.686834,125.702005,2014,김정은,박근혜
미사일,2014-07-13,Scud-C,37.9382,126.5878,2014,김정은,박근혜
미사일,2014-07-13,Scud-C,37.9382,126.5878,2014,김정은,박근혜
미사일,2014-07-26,Scud-C,Unknown,Unknown,2014,김정은,박근혜
미사일,2014-08-14,KN-02,39.40167,127.5369,2014,김정은,박근혜
미사일,2014-09-01,KN-02,39.40167,127.5369,2014,김정은,박근혜
미사일,2014-09-06,KN-02,39.40167,127.5369,2014,김정은,박근혜
미사일,2015-02-08,KN-02,39.40167,127.5369,2015,김정은,박근혜
미사일,2015-02-08,KN-02,39.40167,127.5369,2015,김정은,박근혜
미사일,2015-02-08,KN-02,39.40167,127.5369,2015,김정은,박근혜
미사일,2015-02-08,KN-02,39.40167,127.5369,2015,김정은,박근혜
미사일,2015-02-08,KN-02,39.40167,127.5369,2015,김정은,박근혜
미사일,2015-03-01,Scud-C,38.7523,125.3247,2015,김정은,박근혜
미사일,2015-03-01,Scud-C,38.7523,125.3247,2015,김정은,박근혜
미사일,2015-04-02,KN-02,39.40167,127.5369,2015,김정은,박근혜
미사일,2015-04-03,KN-02,39.40167,127.5369,2015,김정은,박근혜
미사일,2015-04-03,KN-02,39.40167,127.5369,2015,김정은,박근혜
미사일,2015-04-03,KN-02,39.40167,127.5369,2015,김정은,박근혜
미사일,2015-04-03,KN-02,39.40167,127.5369,2015,김정은,박근혜
미사일,2015-05-08,Pukguksong-1,40.0368,128.1839,2015,김정은,박근혜
미사일,2015-11-28,Pukguksong-1,40.0368,128.1839,2015,김정은,박근혜
미사일,2015-12-21,Pukguksong-1,40.0368,128.1839,2015,김정은,박근혜
미사일,2016-02-07,Unha-3,39.6596,124.7057,2016,김정은,박근혜
미사일,2016-03-10,Scud-C,38.686834,125.702005,2016,김정은,박근혜
미사일,2016-03-10,Scud-C,38.686834,125.702005,2016,김정은,박근혜
미사일,2016-03-18,Nodong,39.412594,125.89031,2016,김정은,박근혜
미사일,2016-03-18,Nodong,39.412594,125.89031,2016,김정은,박근혜
미사일,2016-04-15,Musudan,39.1677,127.4817,2016,김정은,박근혜
미사일,2016-04-23,Pukguksong-1,40.0368,128.1839,2016,김정은,박근혜
미사일,2016-04-27,Musudan,39.1677,127.4817,2016,김정은,박근혜
미사일,2016-04-28,Musudan,39.1677,127.4817,2016,김정은,박근혜
미사일,2016-05-30,Musudan,39.1677,127.4817,2016,김정은,박근혜
미사일,2016-06-21,Musudan,39.1677,127.4817,2016,김정은,박근혜
미사일,2016-06-21,Musudan,39.1677,127.4817,2016,김정은,박근혜
미사일,2016-07-09,Pukguksong-1,40.0368,128.1839,2016,김정은,박근혜
미사일,2016-07-18,Nodong,38.686834,125.702005,2016,김정은,박근혜
미사일,2016-07-18,Scud-C,38.686834,125.702005,2016,김정은,박근혜
미사일,2016-07-18,Scud-C,38.686834,125.702005,2016,김정은,박근혜
미사일,2016-08-02,Nodong,38.686834,125.702005,2016,김정은,박근혜
미사일,2016-08-02,Nodong,38.686834,125.702005,2016,김정은,박근혜
미사일,2016-08-23,Pukguksong-1,40.0368,128.1839,2016,김정은,박근혜
미사일,2016-09-05,ER Scud,38.686834,125.702005,2016,김정은,박근혜
미사일,2016-09-05,ER Scud,38.686834,125.702005,2016,김정은,박근혜
미사일,2016-09-05,ER Scud,38.686834,125.702005,2016,김정은,박근혜
미사일,2016-10-14,Musudan,39.927472,125.207889,2016,김정은,박근혜
미사일,2016-10-19,Musudan,39.927472,125.207889,2016,김정은,박근혜
미사일,2017-02-11,Pukguksong-2,40.01325,125.22302,2017,김정은,문재인
미사일,2017-03-05,ER Scud,39.6596,124.7057,2017,김정은,문재인
미사일,2017-03-05,ER Scud,39.6596,124.7057,2017,김정은,문재인
미사일,2017-03-05,ER Scud,39.6596,124.7057,2017,김정은,문재인
미사일,2017-03-05,ER Scud,39.6596,124.7057,2017,김정은,문재인
미사일,2017-03-05,ER Scud,39.6596,124.7057,2017,김정은,문재인
미사일,2017-03-21,Unknown,39.1677,127.4817,2017,김정은,문재인
미사일,2017-04-04,Hwasong-12,40.0368,128.1839,2017,김정은,문재인
미사일,2017-04-15,Hwasong-12,40.0368,128.1839,2017,김정은,문재인
미사일,2017-04-28,Hwasong-12,39.504417,125.964333,2017,김정은,문재인
미사일,2017-05-14,Hwasong-12,40.0659,125.2099,2017,김정은,문재인
미사일,2017-05-21,Pukguksong-2,39.618283,125.8035851,2017,김정은,문재인
미사일,2017-05-28,Scud-C MaRV,39.1677,127.4817,2017,김정은,문재인
미사일,2017-07-04,Hwasong-14,39.872153,125.269192,2017,김정은,문재인
미사일,2017-07-28,Hwasong-14,40.611208,126.425743,2017,김정은,문재인
미사일,2017-08-25,Scud-B MaRV,38.99083,127.6236,2017,김정은,문재인
미사일,2017-08-25,Scud-B MaRV,38.99083,127.6236,2017,김정은,문재인
미사일,2017-08-25,Scud-B MaRV,38.99083,127.6236,2017,김정은,문재인
미사일,2017-08-28,Hwasong-12,39.200159,125.673256,2017,김정은,문재인
미사일,2017-09-14,Hwasong-12,39.200159,125.673256,2017,김정은,문재인
미사일,2017-11-28,Hwasong-15,39.282,125.869,2017,김정은,문재인
미사일,2019-04-17,Unknown,Unknown,Unknown,2019,김정은,문재인
미사일,2019-05-04,Hwasong-11A (KN-23),39.40167,127.5369,2019,김정은,문재인
미사일,2019-05-04,Hwasong-11A (KN-23),39.40167,127.5369,2019,김정은,문재인
미사일,2019-05-09,Hwasong-11A (KN-23),40.029678,125.227326,2019,김정은,문재인
미사일,2019-05-09,Hwasong-11A (KN-23),40.029678,125.227326,2019,김정은,문재인
미사일,2019-07-24,Hwasong-11A (KN-23),39.40167,127.5369,2019,김정은,문재인
미사일,2019-07-24,Hwasong-11A (KN-23),39.40167,127.5369,2019,김정은,문재인
미사일,2019-07-30,Unknown,Unknown,Unknown,2019,김정은,문재인
미사일,2019-07-30,Unknown,Unknown,Unknown,2019,김정은,문재인
미사일,2019-08-01,KN-25,Unknown,Unknown,2019,김정은,문재인
미사일,2019-08-01,KN-25,Unknown,Unknown,2019,김정은,문재인
미사일,2019-08-05,Hwasong-11A (KN-23),38.421522,125.024421,2019,김정은,문재인
미사일,2019-08-05,Hwasong-11A (KN-23),38.421522,125.024421,2019,김정은,문재인
미사일,2019-08-09,Hwasong-11B (KN-24),39.811611,127.66375,2019,김정은,문재인
미사일,2019-08-09,Hwasong-11B (KN-24),39.811611,127.66375,2019,김정은,문재인
미사일,2019-08-15,Hwasong-11B (KN-24),38.953797,127.891882,2019,김정은,문재인
미사일,2019-08-15,Hwasong-11B (KN-24),38.953797,127.891882,2019,김정은,문재인
미사일,2019-08-23,KN-25,39.7437,127.4732,2019,김정은,문재인
미사일,2019-08-23,KN-25,39.7437,127.4732,2019,김정은,문재인
미사일,2019-09-09,KN-25,39.752321,125.899905,2019,김정은,문재인
미사일,2019-09-09,KN-25,39.752321,125.899905,2019,김정은,문재인
미사일,2019-09-09,KN-25,39.752321,125.899905,2019,김정은,문재인
미사일,2019-10-01,Pukguksong-3,39.26,127.58,2019,김정은,문재인
미사일,2019-10-31,KN-25,39.412594,125.89031,2019,김정은,문재인
미사일,2019-10-31,KN-25,39.412594,125.89031,2019,김정은,문재인
미사일,2019-11-28,KN-25,39.78938,127.53993,2019,김정은,문재인
미사일,2019-11-28,KN-25,39.78938,127.53993,2019,김정은,문재인
미사일,2020-03-02,KN-25,39.141,127.616,2020,김정은,문재인
미사일,2020-03-02,KN-25,39.141,127.616,2020,김정은,문재인
미사일,2020-03-08,KN-25,39.743,127.499,2020,김정은,문재인
미사일,2020-03-08,KN-25,39.743,127.499,2020,김정은,문재인
미사일,2020-03-08,KN-25,39.743,127.499,2020,김정은,문재인
미사일,2020-03-20,Hwasong-11B (KN-24),39.4163,125.8907,2020,김정은,문재인
미사일,2020-03-20,Hwasong-11B (KN-24),39.4163,125.8907,2020,김정은,문재인
미사일,2020-03-28,KN-25,39.40167,127.5369,2020,김정은,문재인
미사일,2020-03-28,KN-25,39.40167,127.5369,2020,김정은,문재인
미사일,2021-03-24,Hwasong-11C,39.7437,127.4732,2021,김정은,문재인
미사일,2021-03-24,Hwasong-11C,39.78938,127.53993,2021,김정은,문재인
미사일,2021-09-15,Rail-mobile KN-23,39.275721,126.804867,2021,김정은,문재인
미사일,2021-09-15,Rail-mobile KN-23,39.275721,126.804867,2021,김정은,문재인
미사일,2021-09-27,Hwasong-12B,40.611208,126.425743,2021,김정은,문재인
미사일,2021-10-19,Hwasong-11S (Navalized KN-23),40.0368,128.1839,2021,김정은,문재인
미사일,2022-01-05,Hwasong-12A?,40.611208,126.425743,2022,김정은,윤석열
미사일,2022-01-10,Hwasong-12A?,40.611208,126.425743,2022,김정은,윤석열
미사일,2022-01-14,Rail-mobile KN-23,40.025847,124.577936,2022,김정은,윤석열
미사일,2022-01-14,Rail-mobile KN-23,40.025847,124.577936,2022,김정은,윤석열
미사일,2022-01-16,Hwasong-11B (KN-24),39.200159,125.673256,2022,김정은,윤석열
미사일,2022-01-16,Hwasong-11B (KN-24),39.200159,125.673256,2022,김정은,윤석열
미사일,2022-01-26,Hwasong-11A (KN-23),39.811611,127.66375,2022,김정은,윤석열
미사일,2022-01-26,Hwasong-11A (KN-23),39.811611,127.66375,2022,김정은,윤석열
미사일,2022-01-29,Hwasong-12,40.611208,126.425743,2022,김정은,윤석열
미사일,2022-02-26,Unknown,39.200159,125.673256,2022,김정은,윤석열
미사일,2022-03-04,Unknown,39.200159,125.673256,2022,김정은,윤석열
미사일,2022-03-16,Hwasong-17,39.200159,125.673256,2022,김정은,윤석열
미사일,2022-03-24,Hwasong-15,39.200159,125.673256,2022,김정은,윤석열
미사일,2022-04-16,Hwasong-11D,39.811611,127.66375,2022,김정은,윤석열
미사일,2022-04-16,Hwasong-11D,39.811611,127.66375,2022,김정은,윤석열
미사일,2022-05-04,Unknown,39.200159,125.673256,2022,김정은,윤석열
미사일,2022-05-07,Unknown,40.0368,128.1839,2022,김정은,윤석열
미사일,2022-05-12,Unknown,39.200159,125.673256,2022,김정은,윤석열
미사일,2022-05-12,Unknown,39.200159,125.673256,2022,김정은,윤석열
미사일,2022-05-12,Unknown,39.200159,125.673256,2022,김정은,윤석열
미사일,2022-05-24,Unknown,39.200159,125.673256,2022,김정은,윤석열
미사일,2022-05-24,Unknown,39.200159,125.673256,2022,김정은,윤석열
미사일,2022-05-24,Unknown,39.200159,125.673256,2022,김정은,윤석열
미사일,2022-06-05,Unknown,Unknown,Unknown,2022,김정은,윤석열
미사일,2022-06-05,Unknown,Unknown,Unknown,2022,김정은,윤석열
미사일,2022-06-05,Unknown,Unknown,Unknown,2022,김정은,윤석열
미사일,2022-06-05,Unknown,Unknown,Unknown,2022,김정은,윤석열
미사일,2022-06-05,Unknown,Unknown,Unknown,2022,김정은,윤석열
미사일,2022-06-05,Unknown,Unknown,Unknown,2022,김정은,윤석열
미사일,2022-06-05,Unknown,Unknown,Unknown,2022,김정은,윤석열
미사일,2022-06-05,Unknown,Unknown,Unknown,2022,김정은,윤석열
미사일,2022-09-24,Hwasong-11S (Navalized KN-23),39.9857,125.5186,2022,김정은,윤석열
미사일,2022-09-28,Hwasong-11C,39.20299,125.70926,2022,김정은,윤석열
미사일,2022-09-28,Hwasong-11C,39.20299,125.70926,2022,김정은,윤석열
미사일,2022-09-29,KN-25,39.4163,125.8907,2022,김정은,윤석열
미사일,2022-09-29,KN-25,39.4163,125.8907,2022,김정은,윤석열
미사일,2022-09-30,Hwasong-11A (KN-23),39.3942,125.6773,2022,김정은,윤석열
미사일,2022-09-30,Hwasong-11A (KN-23),39.3942,125.6773,2022,김정은,윤석열
미사일,2022-10-03,New IRBM (2022),40.611208,126.425743,2022,김정은,윤석열
미사일,2022-10-05,KN-23,39.1268,125.9579,2022,김정은,윤석열
미사일,2022-10-05,KN-25,39.1268,125.9579,2022,김정은,윤석열
미사일,2022-10-08,KN-25,39.2815,127.377,2022,김정은,윤석열
미사일,2022-10-08,KN-25,39.2815,127.377,2022,김정은,윤석열
미사일,2022-10-13,Unknown,39.20299,125.70926,2022,김정은,윤석열
미사일,2022-10-28,Unknown,38.953797,127.891882,2022,김정은,윤석열
미사일,2022-10-28,Unknown,38.953797,127.891882,2022,김정은,윤석열
미사일,2022-11-01,Unknown,40.025847,124.577936,2022,김정은,윤석열
미사일,2022-11-01,Unknown,40.025847,124.577936,2022,김정은,윤석열
미사일,2022-11-01,Unknown,40.025847,124.577936,2022,김정은,윤석열
미사일,2022-11-01,Unknown,40.025847,124.577936,2022,김정은,윤석열
미사일,2022-11-01,Unknown,39.1677,127.4817,2022,김정은,윤석열
미사일,2022-11-01,Unknown,39.1677,127.4817,2022,김정은,윤석열
미사일,2022-11-01,Unknown,39.1677,127.4817,2022,김정은,윤석열
미사일,2022-11-02,Unknown,39.20299,125.70926,2022,김정은,윤석열
미사일,2022-11-02,Unknown,39.752321,125.899905,2022,김정은,윤석열
미사일,2022-11-02,Unknown,39.752321,125.899905,2022,김정은,윤석열
미사일,2022-11-03,Unknown,38.78,126.67,2022,김정은,윤석열
미사일,2022-11-03,Unknown,38.78,126.67,2022,김정은,윤석열
미사일,2022-11-03,Unknown,38.78,126.67,2022,김정은,윤석열
미사일,2022-11-09,Unknown,39.42,125.63,2022,김정은,윤석열
미사일,2022-11-17,Unknown,39.1677,127.4817,2022,김정은,윤석열
미사일,2022-11-18,Hwasong-17,39.200159,125.673256,2022,김정은,윤석열
미사일,2022-12-18,Unknown,39.6596,124.7057,2022,김정은,윤석열
미사일,2022-12-18,Unknown,39.6596,124.7057,2022,김정은,윤석열
미사일,2022-12-23,Unknown,39.20299,125.70926,2022,김정은,윤석열
미사일,2022-12-23,Unknown,39.20299,125.70926,2022,김정은,윤석열
미사일,2022-12-30,KN-25,38.875,125.926,2022,김정은,윤석열
미사일,2022-12-30,KN-25,38.875,125.926,2022,김정은,윤석열
미사일,2022-12-30,KN-25,38.875,125.926,2022,김정은,윤석열
미사일,2023-02-18,Hwasong-15,39.200159,125.673256,2023,김정은,윤석열
미사일,2023-02-19,KN-25,39.42,125.63,2023,김정은,윤석열
미사일,2023-02-19,KN-25,39.42,125.63,2023,김정은,윤석열
미사일,2023-03-09,Hwasong-11D,38.907,125.44,2023,김정은,윤석열
미사일,2023-03-09,Hwasong-11D,38.907,125.44,2023,김정은,윤석열
미사일,2023-03-09,Hwasong-11D,38.907,125.44,2023,김정은,윤석열
미사일,2023-03-09,Hwasong-11D,38.907,125.44,2023,김정은,윤석열
미사일,2023-03-09,Hwasong-11D,38.907,125.44,2023,김정은,윤석열
미사일,2023-03-09,Hwasong-11D,38.907,125.44,2023,김정은,윤석열
미사일,2023-03-13,Hwasong-11A (KN-23),38.275,125.071,2023,김정은,윤석열
미사일,2023-03-13,Hwasong-11A (KN-23),38.275,125.071,2023,김정은,윤석열
미사일,2023-03-15,Hwasong-17,39.200159,125.673256,2023,김정은,윤석열
미사일,2023-03-19,Silo-based KN-23,39.6596,124.7057,2023,김정은,윤석열
미사일,2023-03-26,Hwasong-11A (KN-23),38.875,125.926,2023,김정은,윤석열
미사일,2023-03-26,Hwasong-11A (KN-23),38.875,125.926,2023,김정은,윤석열
미사일,2023-04-12,Hwasong-18,39.112,125.998,2023,김정은,윤석열
미사일,2023-05-30,Chollima-1,39.6596,124.7057,2023,김정은,윤석열
미사일,2023-06-15,Unknown,39.20299,125.70926,2023,김정은,윤석열
미사일,2023-06-15,Unknown,39.20299,125.70926,2023,김정은,윤석열
미사일,2023-07-12,Hwasong-18,39.112,125.998,2023,김정은,윤석열
미사일,2023-07-18,Unknown,39.20299,125.70926,2023,김정은,윤석열
미사일,2023-07-18,Unknown,39.20299,125.70926,2023,김정은,윤석열
미사일,2023-07-24,Unknown,39.200159,125.673256,2023,김정은,윤석열
미사일,2023-07-24,Unknown,39.200159,125.673256,2023,김정은,윤석열
미사일,2023-08-23,Chollima-1,39.6596,124.7057,2023,김정은,윤석열
미사일,2023-08-30,Hwasong-11B (KN-24),39.200159,125.673256,2023,김정은,윤석열
미사일,2023-08-30,Hwasong-11B (KN-24),39.200159,125.673256,2023,김정은,윤석열
미사일,2023-09-13,Unknown,39.20299,125.70926,2023,김정은,윤석열
미사일,2023-09-13,Unknown,39.20299,125.70926,2023,김정은,윤석열
미사일,2023-11-22,Chollima-1,39.6596,124.7057,2023,김정은,윤석열
미사일,2023-11-22,Unknown,39.20299,125.70926,2023,김정은,윤석열
미사일,2023-12-17,Hwasong-18,39.12655,125.96453,2023,김정은,윤석열
미사일,2023-12-17,Unknown,Unknown,Unknown,2023,김정은,윤석열
미사일,2024-01-14,Hwasong-16A?,39.112,125.998,2024,김정은,윤석열
미사일,2024-03-17,KN-25,39.105,126.006,2024,김정은,윤석열
미사일,2024-03-17,KN-25,39.105,126.006,2024,김정은,윤석열
미사일,2024-03-17,KN-25,39.105,126.006,2024,김정은,윤석열
미사일,2024-03-17,KN-25,39.105,126.006,2024,김정은,윤석열
미사일,2024-03-17,KN-25,39.105,126.006,2024,김정은,윤석열
미사일,2024-03-17,KN-25,39.105,126.006,2024,김정은,윤석열
미사일,2024-04-01,Hwasong-16B,39.112,125.998,2024,김정은,윤석열
미사일,2024-04-22,KN-25,39.112,125.998,2024,김정은,윤석열
미사일,2024-04-22,KN-25,39.112,125.998,2024,김정은,윤석열
미사일,2024-04-22,KN-25,39.112,125.998,2024,김정은,윤석열
미사일,2024-04-22,KN-25,39.112,125.998,2024,김정은,윤석열
미사일,2024-05-27,Unknown,39.6596,124.7057,2024,김정은,윤석열
미사일,2024-05-29,KN-25,39.200159,125.673256,2024,김정은,윤석열
미사일,2024-05-29,KN-25,39.200159,125.673256,2024,김정은,윤석열
미사일,2024-05-29,KN-25,39.200159,125.673256,2024,김정은,윤석열
미사일,2024-05-29,KN-25,39.200159,125.673256,2024,김정은,윤석열
미사일,2024-05-29,KN-25,39.200159,125.673256,2024,김정은,윤석열
미사일,2024-05-29,KN-25,39.200159,125.673256,2024,김정은,윤석열
미사일,2024-05-29,KN-25,39.200159,125.673256,2024,김정은,윤석열
미사일,2024-05-29,KN-25,39.200159,125.673256,2024,김정은,윤석열
미사일,2024-05-29,KN-25,39.200159,125.673256,2024,김정은,윤석열
미사일,2024-05-29,KN-25,39.200159,125.673256,2024,김정은,윤석열
미사일,2024-05-29,KN-25,39.200159,125.673256,2024,김정은,윤석열
미사일,2024-05-29,KN-25,39.200159,125.673256,2024,김정은,윤석열
미사일,2024-05-29,KN-25,39.200159,125.673256,2024,김정은,윤석열
미사일,2024-05-29,KN-25,39.200159,125.673256,2024,김정은,윤석열
미사일,2024-05-29,KN-25,39.200159,125.673256,2024,김정은,윤석열
미사일,2024-05-29,KN-25,39.200159,125.673256,2024,김정은,윤석열
미사일,2024-05-29,KN-25,39.200159,125.673256,2024,김정은,윤석열
미사일,2024-05-29,KN-25,39.200159,125.673256,2024,김정은,윤석열
미사일,2024-06-25,Unknown,39.112,125.998,2024,김정은,윤석열
미사일,2024-06-30,Hwasong-11-Da-4.5,38.275,125.071,2024,김정은,윤석열
미사일,2024-06-30,Unknown,38.275,125.071,2024,김정은,윤석열
미사일,2024-09-11,KN-25,38.875,125.926,2024,김정은,윤석열
미사일,2024-09-11,KN-25,38.875,125.926,2024,김정은,윤석열
미사일,2024-09-11,KN-25,38.875,125.926,2024,김정은,윤석열
미사일,2024-09-18,Hwasong-11-Da-4.5,39.752321,125.899905,2024,김정은,윤석열
미사일,2024-09-18,Hwasong-11-Da-4.5,39.752321,125.899905,2024,김정은,윤석열
미사일,2024-10-30,Hwasong-19,39.112,125.998,2024,김정은,윤석열
미사일,2024-11-04,Unknown,Unknown,Unknown,2024,김정은,윤석열
미사일,2025-01-06,Hwasong-16-Na,,,2025,김정은,윤석열
미사일,2025-01-14,Hwasong-11-Ga,,,2025,김정은,윤석열
미사일,2025-01-25,Bulhwasal-3-31,,,2025,김정은,윤석열
미사일,2025-02-27,Hwasal-1,,,2025,김정은,윤석열
미사일,2025-03-10,Hwasong-11-Ra,,,2025,김정은,윤석열
미사일,2025-03-20,Byeulzzi-1-2,,,2025,김정은,윤석열
핵실험,2006-10-09,풍계리 핵실험장에서 시행된 북한의 1차 핵실험,41.28505,129.1084,2006,김정일,노무현
핵실험,2009-05-25,풍계리 핵실험장에서 시행된 북한의 2차 핵실험,41.29142,129.08167,2009,김정일,이명박
핵실험,2013-02-12,풍계리 핵실험장에서 시행된 북한의 3차 핵실험,41.26809,129.08076,2013,김정은,박근혜
핵실험,2016-01-06,풍계리 핵실험장에서 시행된 북한의 4차 핵실험,41.309,129.03399,2016,김정은,박근혜
핵실험,2016-09-09,풍계리 핵실험장에서 시행된 북한의 5차 핵실험,41.298,129.015,2016,김정은,박근혜
핵실험,2017-09-03,풍계리 핵실험장에서 시행된 북한의 6차 핵실험,41.343,129.036,2017,김정은,문재인
